Model,Metric,Statistic,P-Value
GPT-4,WF vs CF,0.07046436285097192,2.0337229403642433e-08
Gemini,WF vs CF,0.05518725624187473,2.6699719194788054e-05
Llama70B,WF vs CF,0.09476241900647948,6.854213567504291e-15
Llama7B,WF vs CF,0.08315334773218143,1.4684749010979155e-11
Llama13B,WF vs CF,0.08531317494600432,3.804021660598211e-12
Vicuna7B,WF vs CF,0.07721382289416846,5.037141229956257e-10
Vicuna13B,WF vs CF,0.08369330453563716,1.0510598833696026e-11
GPT-3.5-turbo-instruct,WF vs CF,0.002429805615550756,1.0
Alpaca,WF vs CF,0.026187904967602593,0.1576282702069584
