Model,Metric,Statistic,P-Value
Vicuna13B,WF vs CF,0.5,0.2826728826728826
Vicuna13B,WF vs CF,0.5,0.2826728826728826
Llama13B,WF vs CF,0.625,0.08702408702408701
Llama7B,WF vs CF,0.75,0.018648018648018645
Llama70B,WF vs CF,0.75,0.018648018648018645
Alpaca,WF vs CF,0.375,0.6601398601398599
Gemini,WF vs CF,0.375,0.6601398601398599
GPT-4,WF vs CF,0.875,0.002486402486402486
GPT-3.5-turbo-instruct,WF vs CF,0.125,1.0
