,SAE,ESL,AAE
flesch_reading_ease,43.31833976833977,42.700656370656375,46.33515444015444
smog_index,14.798648648648648,14.778185328185328,14.215830115830114
flesch_kincaid_grade,12.755019305019307,12.823166023166022,12.109459459459458
unique_words,174.52123552123552,174.1833976833977,180.27606177606177
lexical_diversity,0.4081324832974001,0.41819988742748826,0.43232840407902334
grammar_errors,2.530888030888031,2.583011583011583,2.629343629343629
