,SAE,ESL,AAE
flesch_reading_ease,50.29198841698842,49.17990328820117,61.589613899613894
smog_index,13.743243243243244,13.3963249516441,11.345366795366795
flesch_kincaid_grade,11.64092664092664,11.568085106382979,9.733783783783785
unique_words,80.05212355212355,92.14313346228239,96.23552123552123
lexical_diversity,0.503609371678781,0.5270314503101379,0.5121902705340576
grammar_errors,0.8011583011583011,1.2340425531914894,2.077220077220077
