,SAE,ESL,AAE
flesch_reading_ease,43.36700772200772,42.771988416988414,46.47287644787646
smog_index,14.815637065637064,14.772586872586874,14.19073359073359
flesch_kincaid_grade,12.763320463320463,12.82046332046332,12.088996138996137
unique_words,174.43050193050192,174.26061776061775,180.3996138996139
lexical_diversity,0.4078794313478105,0.41820876983999333,0.43266831754363166
grammar_errors,2.5154440154440154,2.5791505791505793,2.6254826254826256
