,SAE,ESL,AAE
flesch_reading_ease,44.498430232558135,44.37015533980582,49.30460348162476
smog_index,14.951937984496121,14.613009708737865,13.98588007736944
flesch_kincaid_grade,12.961434108527133,12.670873786407768,11.916441005802708
unique_words,131.59496124031008,129.84271844660194,131.63249516441005
lexical_diversity,0.38602057419361613,0.4315348166707506,0.4393929018886631
grammar_errors,1.319767441860465,1.2310679611650486,1.2282398452611218
