,SAE,ESL,AAE
flesch_reading_ease,43.83450485436892,43.938185328185334,49.19410058027079
smog_index,15.019611650485437,14.665637065637064,14.065764023210834
flesch_kincaid_grade,12.940582524271845,12.611776061776062,11.880657640232108
unique_words,133.30873786407767,137.03088803088804,138.70986460348163
lexical_diversity,0.3865243916081527,0.42774300659611925,0.42896842787715495
grammar_errors,1.3689320388349515,1.276061776061776,1.4061895551257253
